<?xml version='1.0' encoding='utf-8'?>
<!DOCTYPE hibernate-configuration PUBLIC
        "-//Hibernate/Hibernate Configuration DTD 3.0//EN"
        "http://hibernate.sourceforge.net/hibernate-configuration-3.0.dtd">
<hibernate-configuration>
    <session-factory>

        <!-- JDBC connection settings -->
        <property name="hibernate.connection.driver_class">com.mysql.cj.jdbc.Driver</property>
        <property name="hibernate.connection.url">
            jdbc:mysql://localhost:3306/student_db?createDatabaseIfNotExist=true
        </property>
        <property name="hibernate.connection.username">root</property>
        <property name="hibernate.connection.password">Sujit1202@</property>

        <!-- JDBC dialect -->
        <property name="hibernate.dialect">org.hibernate.dialect.MySQL8Dialect</property>

        <!-- Hibernate behavior -->
        <property name="hibernate.hbm2ddl.auto">update</property>
        <property name="hibernate.show_sql">true</property>
        <property name="hibernate.format_sql">true</property>

        <!-- Entity mapping -->
        <mapping class="Student"/>

    </session-factory>
</hibernate-configuration>
