<?xml version="1.0" encoding="UTF-8"?>
<web-app xmlns="http://xmlns.jcp.org/xml/ns/javaee"
         xmlns:xsi="http://www.w3.org/2001/XMLSchema-instance"
         xsi:schemaLocation="http://xmlns.jcp.org/xml/ns/javaee 
         http://xmlns.jcp.org/xml/ns/javaee/web-app_4_0.xsd"
         version="4.0">
    
    <display-name>Servlet JSP Web Application</display-name>
    
    <description>
        Web Application for User Login, Employee Management, and Attendance Portal
    </description>
    
    <!-- Welcome file list -->
    <welcome-file-list>
        <welcome-file>index.html</welcome-file>
        <welcome-file>login.html</welcome-file>
        <welcome-file>attendance.jsp</welcome-file>
    </welcome-file-list>
    
    <!-- Servlet Mappings (if not using @WebServlet annotations) -->
    
    <!-- Login Servlet -->
    <servlet>
        <servlet-name>LoginServlet</servlet-name>
        <servlet-class>LoginServlet</servlet-class>
    </servlet>
    <servlet-mapping>
        <servlet-name>LoginServlet</servlet-name>
        <url-pattern>/LoginServlet</url-pattern>
    </servlet-mapping>
    
    <!-- Employee Servlet -->
    <servlet>
        <servlet-name>EmployeeServlet</servlet-name>
        <servlet-class>EmployeeServlet</servlet-class>
    </servlet>
    <servlet-mapping>
        <servlet-name>EmployeeServlet</servlet-name>
        <url-pattern>/EmployeeServlet</url-pattern>
    </servlet-mapping>
    
    <!-- Attendance Servlet -->
    <servlet>
        <servlet-name>AttendanceServlet</servlet-name>
        <servlet-class>AttendanceServlet</servlet-class>
    </servlet>
    <servlet-mapping>
        <servlet-name>AttendanceServlet</servlet-name>
        <url-pattern>/AttendanceServlet</url-pattern>
    </servlet-mapping>
    
    <!-- View Attendance Servlet -->
    <servlet>
        <servlet-name>ViewAttendanceServlet</servlet-name>
        <servlet-class>ViewAttendanceServlet</servlet-class>
    </servlet>
    <servlet-mapping>
        <servlet-name>ViewAttendanceServlet</servlet-name>
        <url-pattern>/ViewAttendanceServlet</url-pattern>
    </servlet-mapping>
    
    <!-- Session configuration -->
    <session-config>
        <session-timeout>30</session-timeout>
    </session-config>
    
    <!-- Error pages -->
    <error-page>
        <error-code>404</error-code>
        <location>/error404.html</location>
    </error-page>
    
    <error-page>
        <error-code>500</error-code>
        <location>/error500.html</location>
    </error-page>
    
</web-app>
